{"cameraMode":{"drawMode":0,"name":"Shaded","section":"Shading Mode"},"sceneLighting":true,"audioPlay":false,"sceneViewState":{"m_AlwaysRefresh":false,"showFog":true,"showSkybox":true,"showFlares":true,"showImageEffects":true,"showParticleSystems":true,"showVisualEffectGraphs":true,"m_FxEnabled":true},"in2DMode":false,"pivot":{"x":-2.836665630340576,"y":1.3345664739608765,"z":-0.5158271789550781},"rotation":{"x":0.15807099640369416,"y":0.7087595462799072,"z":-0.16805331408977509,"w":0.6666616201400757},"size":0.5045274496078491,"orthographic":false}